year,actual,synthetic,fips,gap,is_treated
1990,36087.005845447595,36238.59237439518,48091,-151.58652894758416,TRUE
1991,36252.54227606461,36156.3983396772,48091,96.14393638740876,TRUE
1992,37231.52111903064,37646.89868407951,48091,-415.37756504886784,TRUE
1993,38461.64300346021,38378.55675109627,48091,83.08625236393709,TRUE
1994,39319.36346153846,39236.81542396151,48091,82.54803757694754,TRUE
1995,41188.98946194225,39672.99197121836,48091,1515.9974907238866,TRUE
1996,40456.332606755896,40278.939317713186,48091,177.3932890427095,TRUE
1997,41411.37252959501,41696.99095444544,48091,-285.6184248504287,TRUE
1998,42360.85073006134,43548.08262451982,48091,-1187.2318944584767,TRUE
1999,42560.89415966386,45355.84547213337,48091,-2794.9513124695077,TRUE
2000,44140.651910569104,46000.078786783044,48091,-1859.42687621394,TRUE
2001,46394.53877470355,46442.34862391657,48091,-47.80984921302297,TRUE
2002,46394.64112840466,44721.78077777068,48091,1672.860350633986,TRUE
2003,46353.89404891304,43719.97113877809,48091,2633.9229101349483,TRUE
2004,47658.76461090524,44871.039706484444,48091,2787.724904420793,TRUE
2005,50442.30365591397,46766.77372718709,48091,3675.5299287268863,TRUE
2006,51730.105381944435,48444.01843056246,48091,3286.086951381978,TRUE
2007,53371.92048885416,49468.639533711364,48091,3903.2809551427927,TRUE
2008,54171.645146607334,50874.04096134803,48091,3297.6041852593044,TRUE
2009,52867.958739052,50576.5713290544,48091,2291.387409997602,TRUE
2010,53844.97480463733,51325.38667213156,48091,2519.5881325057708,TRUE
2011,54944.942824499085,52057.907154372835,48091,2887.03567012625,TRUE
2012,56677.25754592889,52877.11277313714,48091,3800.144772791755,TRUE
2013,57864.37893688535,52767.2519259976,48091,5097.127010887743,TRUE
2014,59424.551889024064,53291.79622354586,48091,6132.755665478202,TRUE
2015,60154.50022150309,54876.14262218214,48091,5278.357599320952,TRUE
2016,60637.648701912854,55201.70106309819,48091,5435.947638814665,TRUE
2017,61711.51483763054,56297.76442539375,48091,5413.75041223679,TRUE
2018,62683.90525951087,56455.05443861997,48091,6228.850820890904,TRUE
2019,63176.905294985074,57888.18593852101,48091,5288.719356464062,TRUE
2020,64480,60133.60173748354,48091,4346.398262516457,TRUE
2021,68257.25838284679,61845.19506238767,48091,6412.063320459121,TRUE
2022,64361.60994344877,57742.331596343625,48091,6619.278347105144,TRUE
1990,32578.10690130069,32659.014318073994,48027,-80.90741677330516,FALSE
1991,30587.96378120411,32307.74684966624,48027,-1719.7830684621294,FALSE
1992,33981.1648681397,32946.259936864575,48027,1034.904931275123,FALSE
1993,34458.580131487885,33394.341252897546,48027,1064.2388785903386,FALSE
1994,33785.139041835355,33611.5885290832,48027,173.55051275215374,FALSE
1995,34377.36924540682,33680.92072976861,48027,696.4485156382143,FALSE
1996,34295.34417463352,34273.88860477258,48027,21.45556986094016,FALSE
1997,34056.62504672897,34843.99113199716,48027,-787.366085268186,FALSE
1998,35763.551926380365,36147.84151455385,48027,-384.2895881734876,FALSE
1999,37521.38105042016,36162.344659120885,48027,1359.0363912992761,FALSE
2000,37399.84276422765,36589.83734057709,48027,810.0054236505603,FALSE
2001,38226.866956521735,36848.60510699876,48027,1378.2618495229763,FALSE
2002,39719.36019455252,36711.37101721846,48027,3007.989177334064,FALSE
2003,41515.25361413044,37191.314734413165,48027,4323.938879717272,FALSE
2004,41811.19791953414,36880.40523480967,48027,4930.792684724474,FALSE
2005,43213.353297491034,37804.96647805468,48027,5408.386819436353,FALSE
2006,45246.992534722216,38416.58156144061,48027,6830.410973281607,FALSE
2007,46549.08225058116,39161.40615138474,48027,7387.676099196418,FALSE
2008,47572.23691727472,40223.2079144271,48027,7349.029002847623,FALSE
2009,48716.839580119035,39737.4339467681,48027,8979.405633350936,FALSE
2010,47112.86932714531,41114.87915127365,48027,5997.990175871659,FALSE
2011,47603.07240185117,41839.36037558715,48027,5763.7120262640165,FALSE
2012,45613.249057031106,42661.44925949986,48027,2951.7997975312464,FALSE
2013,43674.9186845641,42559.65870149473,48027,1115.2599830693725,FALSE
2014,43661.01863256961,43896.55760069601,48027,-235.5389681263987,FALSE
2015,44930.516448187256,45104.330135507334,48027,-173.81368732007832,FALSE
2016,44049.42580424737,44423.270590465414,48027,-373.8447862180474,FALSE
2017,44603.50801240208,44719.94184496435,48027,-116.43383256226662,FALSE
2018,43813.18242422552,45446.495858322894,48027,-1633.3134340973775,FALSE
2019,43905.048834962465,46915.1893884446,48027,-3010.140553482139,FALSE
2020,46377,48986.11932219656,48027,-2609.1193221965586,FALSE
2021,47906.34877292688,50640.984199231454,48027,-2734.6354263045723,FALSE
2022,44130.2137704806,48208.085701586686,48027,-4077.871931106085,FALSE
1990,27102.878018362662,26445.334293417323,48041,657.5437249453389,FALSE
1991,27104.84657856094,26432.96421524798,48041,671.8823633129614,FALSE
1992,27129.959921596575,27452.457740812304,48041,-322.49781921572867,FALSE
1993,27215.45429065744,27318.137705324818,48041,-102.68341466737911,FALSE
1994,27096.56866396761,27697.644059083526,48041,-601.0753951159168,FALSE
1995,27266.85968503937,27658.227163469164,48041,-391.3674784297946,FALSE
1996,27736.81940726577,28292.81672082485,48041,-555.9973135590772,FALSE
1997,28841.7043364486,29645.99161716536,48041,-804.2872807167587,FALSE
1998,29545.736736196315,29455.914243735417,48041,89.8224924608985,FALSE
1999,29844.046344537812,30675.57733859303,48041,-831.5309940552179,FALSE
2000,30371.96682926829,29976.917425074636,48041,395.0494041936545,FALSE
2001,31257.529525691694,30481.871008423106,48041,775.6585172685882,FALSE
2002,31228.517937743185,30509.607963701772,48041,718.9099740414131,FALSE
2003,32330.27627717391,30896.05814703954,48041,1434.2181301343699,FALSE
2004,32368.5011911064,31651.992774444858,48041,716.5084166615416,FALSE
2005,32729.718781362004,31696.3251587015,48041,1033.3936226605038,FALSE
2006,33302.659479166665,32132.79525727694,48041,1169.8642218897257,FALSE
2007,33488.82676447608,33772.35199422439,48041,-283.52522974830936,FALSE
2008,35029.755047537656,34637.879507517544,48041,391.87554002011166,FALSE
2009,34905.10948694164,34878.08155228178,48041,27.027934659861785,FALSE
2010,35944.12593095351,36029.625936322576,48041,-85.50000536906737,FALSE
2011,36139.81350499469,36164.24958049352,48041,-24.436075498830178,FALSE
2012,37069.7828993789,36432.910778033074,48041,636.8721213458266,FALSE
2013,37364.54174804792,37319.744382324156,48041,44.79736572376714,FALSE
2014,38710.794720701546,38844.788976177355,48041,-133.99425547580904,FALSE
2015,38674.72796466076,40563.93288787124,48041,-1889.2049232104837,FALSE
2016,38226.34814401246,40376.24218951001,48041,-2149.8940454975527,FALSE
2017,39292.56100685378,40574.13901438872,48041,-1281.5780075349394,FALSE
2018,41110.73907537424,41687.12402561612,48041,-576.3849502418816,FALSE
2019,41378.25607747881,43066.345873336504,48041,-1688.089795857697,FALSE
2020,43224,44830.98965060263,48041,-1606.989650602627,FALSE
2021,46274.99036424696,46749.763651437956,48041,-474.7732871909975,FALSE
2022,42602.04781397892,44021.93751871006,48041,-1419.8897047311402,FALSE
1990,31283.061805661822,30868.281063218215,48063,414.78074244360687,FALSE
1991,30739.981989720996,30660.641623031668,48063,79.34036668932822,FALSE
1992,31118.19500356379,31470.78509410085,48063,-352.59009053706177,FALSE
1993,31954.650871972317,32014.693012609023,48063,-60.04214063670588,FALSE
1994,32632.539446693656,32375.80391321918,48063,256.73553347447523,FALSE
1995,31784.16454068241,32659.654140483155,48063,-875.489599800745,FALSE
1996,33447.486596558316,33286.35913320177,48063,161.1274633565481,FALSE
1997,34890.302847352024,34843.75817449973,48063,46.54467285229475,FALSE
1998,36855.956638036805,36488.774341868855,48063,367.18229616794997,FALSE
1999,36576.860714285714,37591.12501189442,48063,-1014.2642976087081,FALSE
2000,36140.35601626016,38472.664045001584,48063,-2332.308028741427,FALSE
2001,37325.193399209486,39063.67233848942,48063,-1738.4789392799357,FALSE
2002,37190.234357976646,38761.16937538512,48063,-1570.9350174084757,FALSE
2003,36670.98685326087,37908.99532976906,48063,-1238.008476508192,FALSE
2004,37532.390333509786,38759.71670255629,48063,-1227.3263690465028,FALSE
2005,37305.62448028674,39413.7674692941,48063,-2108.142989007363,FALSE
2006,37118.067673611105,41004.09741574642,48063,-3886.029742135317,FALSE
2007,36993.863312787566,42371.83889562915,48063,-5377.975582841587,FALSE
2008,38733.357370775135,43213.350876356,48063,-4479.993505580867,FALSE
2009,39022.45028596465,41474.14175450934,48063,-2451.69146854469,FALSE
2010,38842.53946692592,42285.3425472082,48063,-3442.803080282283,FALSE
2011,38184.39957944154,44226.47390613978,48063,-6042.074326698239,FALSE
2012,38901.57238429575,45031.527298941655,48063,-6129.954914645903,FALSE
2013,40570.83538163696,45187.208819651205,48063,-4616.373438014241,FALSE
2014,42103.14118680725,46345.343083217616,48063,-4242.20189641037,FALSE
2015,44225.11596636528,46980.177761631785,48063,-2755.061795266505,FALSE
2016,40802.52083480898,46907.94209996391,48063,-6105.4212651549315,FALSE
2017,40745.416489882504,48421.364560110254,48063,-7675.948070227751,FALSE
2018,41077.757310628534,48414.00082126116,48063,-7336.243510632623,FALSE
2019,40891.32205650539,50401.9969715982,48063,-9510.674915092808,FALSE
2020,44747,52784.83366138948,48063,-8037.833661389479,FALSE
2021,47756.393696719184,53871.82148374687,48063,-6115.427787027686,FALSE
2022,43802.11795458817,51594.60313525748,48063,-7792.485180669311,FALSE
1990,29302.870527926552,28552.535441614342,48097,750.3350863122105,FALSE
1991,28761.845051395005,28263.03999796262,48097,498.80505343238474,FALSE
1992,28734.846379187453,29325.807400062,48097,-590.9610208745471,FALSE
1993,29085.34137716263,29744.42714733379,48097,-659.0857701711611,FALSE
1994,29476.86146423751,29748.67775086104,48097,-271.81628662352887,FALSE
1995,30104.610216535428,30124.397242610514,48097,-19.787026075086033,FALSE
1996,30856.07753983429,30723.646142231795,48097,132.43139760249323,FALSE
1997,32327.993320872272,32251.672003549334,48097,76.32131732293783,FALSE
1998,33440.60411656441,33355.05458520567,48097,85.5495313587453,FALSE
1999,34614.80613445378,33489.94740199327,48097,1124.8587324605105,FALSE
2000,36272.61715447155,33654.5505061706,48097,2618.066648300948,FALSE
2001,36305.14778656126,35611.62942725361,48097,693.5183593076508,FALSE
2002,35776.05307392996,35346.10287356443,48097,429.9502003655289,FALSE
2003,37152.03773369565,35299.73421074942,48097,1852.303522946233,FALSE
2004,37395.38080465854,34972.78446010396,48097,2422.5963445545785,FALSE
2005,39076.08784946236,35290.136705340425,48097,3785.9511441219365,FALSE
2006,41866.787361111106,35442.996983475256,48097,6423.790377635851,FALSE
2007,43287.45101812464,36810.91697741654,48097,6476.534040708095,FALSE
2008,49684.287966261494,37946.060535325145,48097,11738.22743093635,FALSE
2009,44406.47958161062,37477.20655281165,48097,6929.273028798969,FALSE
2010,47105.747917966015,38509.69886458356,48097,8596.049053382456,FALSE
2011,49607.38806965444,39160.67150073736,48097,10446.71656891708,FALSE
2012,51624.9003327613,39800.84626762353,48097,11824.054065137774,FALSE
2013,54475.88427907296,40316.53212044586,48097,14159.352158627102,FALSE
2014,57115.61352730468,42069.571027061844,48097,15046.042500242838,FALSE
2015,52962.90955079171,42515.54018701943,48097,10447.369363772275,FALSE
2016,49309.60595732624,41564.306707975455,48097,7745.2992493507845,FALSE
2017,52321.80276599216,42566.261613589326,48097,9755.541152402831,FALSE
2018,52179.21318800352,43531.22907904542,48097,8647.984108958102,FALSE
2019,52884.47662297531,45326.93498719113,48097,7557.541635784175,FALSE
2020,54503,47404.530964582416,48097,7098.469035417584,FALSE
2021,56198.768974425206,49686.55108678863,48097,6512.217887636572,FALSE
2022,53407.985211255575,47532.587058643105,48097,5875.39815261247,FALSE
1990,37728.58441469013,38068.826863336486,48121,-340.24244864635693,FALSE
1991,37738.52026431718,37327.73247382361,48121,410.7877904935667,FALSE
1992,38011.82798289379,38153.332418461425,48121,-141.5044355676364,FALSE
1993,38585.22749480969,38858.72337148055,48121,-273.4958766708587,FALSE
1994,39060.90173414304,39411.811762299905,48121,-350.91002815686807,FALSE
1995,40090.23147637795,39911.82812164257,48121,178.4033547353829,FALSE
1996,40758.196297004455,41043.571375463864,48121,-285.37507845940854,FALSE
1997,42557.881071651085,42887.852463491094,48121,-329.97139184000844,FALSE
1998,45253.8178588957,44210.832743042396,48121,1042.9851158533056,FALSE
1999,46452.38008403361,44263.64519492063,48121,2188.7348891129805,FALSE
2000,49316.871910569105,45810.69792094877,48121,3506.173989620336,FALSE
2001,49282.2323715415,51157.13338292636,48121,-1874.9010113848635,FALSE
2002,47485.128832684815,49786.91960315098,48121,-2301.790770466163,FALSE
2003,46165.412125,50118.4918714059,48121,-3953.0797464058996,FALSE
2004,46592.83047644256,50491.85719467287,48121,-3899.026718230307,FALSE
2005,49011.09075268816,52701.279630455574,48121,-3690.1888777674176,FALSE
2006,50831.45607638888,54120.33221618842,48121,-3288.8761397995404,FALSE
2007,51510.80599685543,53113.55964718526,48121,-1602.7536503298325,FALSE
2008,52244.71410988235,61381.5076148265,48121,-9136.793504944151,FALSE
2009,49896.66943697356,53237.944345948585,48121,-3341.2749089750214,FALSE
2010,50169.140766592056,56883.80296796974,48121,-6714.662201377687,FALSE
2011,51359.7260501736,64326.39894180046,48121,-12966.672891626855,FALSE
2012,52390.30652368964,67336.93852379748,48121,-14946.632000107842,FALSE
2013,53209.36496434965,68307.16055630379,48121,-15097.795591954142,FALSE
2014,54643.78131336173,70352.24259903809,48121,-15708.461285676356,FALSE
2015,56724.68147010551,62678.12501458869,48121,-5953.443544483176,FALSE
2016,57532.0072831209,58685.26412852929,48121,-1153.2568454083885,FALSE
2017,58227.195728622704,67935.71895858325,48121,-9708.523229960549,FALSE
2018,60481.3417825867,73214.41579748753,48121,-12733.074014900827,FALSE
2019,62609.99666349835,74861.38704224485,48121,-12251.390378746502,FALSE
2020,64211,67515.18804277206,48121,-3304.1880427720607,FALSE
2021,67629.73936967191,71678.20592429412,48121,-4048.4665546222095,FALSE
2022,65640.38770566025,72800.73813309173,48121,-7160.350427431476,FALSE
1990,30881.082976281563,30877.47566137984,48139,3.607314901721111,FALSE
1991,30720.979713656387,30895.41763425007,48139,-174.43792059368207,FALSE
1992,31595.97154668567,31950.75506208745,48139,-354.7835154017812,FALSE
1993,32139.13206920415,32332.930617367427,48139,-193.79854816327497,FALSE
1994,33423.64189608637,32834.81248821537,48139,588.829407870995,FALSE
1995,34022.43814960629,33892.51073332803,48139,129.92741627826035,FALSE
1996,34712.67485022307,34625.871585113586,48139,86.80326510948362,FALSE
1997,36902.739781931465,36848.436305388444,48139,54.303476543020224,FALSE
1998,38072.2095582822,38176.764825440434,48139,-104.55526715823362,FALSE
1999,39057.78008403361,39351.57535756198,48139,-293.79527352836885,FALSE
2000,39427.34589430894,40604.4682088135,48139,-1177.1223145045587,FALSE
2001,39955.68351778656,41309.56787299784,48139,-1353.8843552112812,FALSE
2002,39036.00708171206,41083.723700372444,48139,-2047.7166186603863,FALSE
2003,38105.70000543478,41002.740751155965,48139,-2897.040745721184,FALSE
2004,38288.68293276866,40089.6137100303,48139,-1800.9307772616448,FALSE
2005,38348.55462365591,41459.67807721013,48139,-3111.123453554217,FALSE
2006,39321.04225694444,42860.548545716556,48139,-3539.506288772114,FALSE
2007,40902.07892274599,43661.09122090713,48139,-2759.012298161142,FALSE
2008,40875.46036980441,45416.86260952164,48139,-4541.40223971723,FALSE
2009,40209.518362799885,44335.81603166165,48139,-4126.297668861764,FALSE
2010,40310.73665939024,44558.685806084264,48139,-4247.9491466940235,FALSE
2011,41036.69495285388,45796.67594214272,48139,-4759.980989288837,FALSE
2012,41710.69201285748,47285.76784855453,48139,-5575.075835697055,FALSE
2013,41840.68764192533,48321.76897070493,48139,-6481.081328779597,FALSE
2014,42613.68769008516,49382.502288356714,48139,-6768.814598271558,FALSE
2015,43973.967188007606,49458.72278216234,48139,-5484.7555941547325,FALSE
2016,44820.44442037107,49513.46726044169,48139,-4693.0228400706255,FALSE
2017,45430.24191008485,50394.123237532534,48139,-4963.881327447685,FALSE
2018,46154.88772117065,50986.55071943016,48139,-4831.662998259511,FALSE
2019,47989.82799219266,53115.06741276504,48139,-5125.239420572383,FALSE
2020,49287,55424.67177393642,48139,-6137.671773936418,FALSE
2021,51370.59757168689,57746.66197594333,48139,-6376.064404256438,FALSE
2022,48802.26281457689,56167.36940382902,48139,-7365.106589252129,FALSE
1990,31067.22095638868,29635.666138684202,48143,1431.5548177044766,FALSE
1991,28832.153472834067,29593.72435398311,48143,-761.570881149044,FALSE
1992,30094.388125445468,30455.85363404648,48143,-361.4655086010134,FALSE
1993,30421.486747404844,30723.621281217373,48143,-302.1345338125284,FALSE
1994,31589.9607219973,30983.542951227493,48143,606.4177707698072,FALSE
1995,30359.3454527559,30856.904774241517,48143,-497.55932148561624,FALSE
1996,31906.82710643722,31333.154718316237,48143,573.6723881209837,FALSE
1997,31858.74720872274,32658.196009872765,48143,-799.4488011500252,FALSE
1998,33805.79755214723,33694.985876996376,48143,110.8116751508569,FALSE
1999,34016.713487394954,34479.36439655299,48143,-462.6509091580374,FALSE
2000,33565.77272357723,34976.416834816075,48143,-1410.644111238842,FALSE
2001,34596.79059288537,39372.32015073074,48143,-4775.529557845366,FALSE
2002,34239.58754863813,39318.642532132864,48143,-5079.054983494738,FALSE
2003,32293.705157608696,39665.02956770464,48143,-7371.324410095942,FALSE
2004,32683.62310746426,39106.534485167664,48143,-6422.911377703404,FALSE
2005,32275.17616487455,40395.804352793384,48143,-8120.6281879188355,FALSE
2006,31961.10444444444,41147.93952734707,48143,-9186.835082902631,FALSE
2007,32811.03657724918,42029.60775041256,48143,-9218.571173163378,FALSE
2008,33866.14354189212,43603.81314215691,48143,-9737.669600264795,FALSE
2009,31878.327165011156,43363.71399791747,48143,-11485.386832906312,FALSE
2010,34826.06468980445,44745.88595905804,48143,-9919.821269253589,FALSE
2011,35749.76585207545,45791.26473391928,48143,-10041.498881843829,FALSE
2012,35791.47565267385,45782.28191071021,48143,-9990.806258036362,FALSE
2013,35610.30139897062,45842.6480648539,48143,-10232.346665883277,FALSE
2014,38195.87522810219,46755.43817968092,48143,-8559.56295157873,FALSE
2015,37714.902850850354,46992.34317950664,48143,-9277.440328656288,FALSE
2016,38048.42077106084,45990.3006728826,48143,-7941.879901821761,FALSE
2017,39596.64703818537,46960.23018548175,48143,-7363.583147296376,FALSE
2018,40855.130398595014,48236.3505120059,48143,-7381.220113410884,FALSE
2019,42386.54357205161,48859.56676384959,48143,-6473.023191797976,FALSE
2020,45089,51231.48270249812,48143,-6142.4827024981205,FALSE
2021,45533.81113407387,54604.46052972692,48143,-9070.649395653054,FALSE
2022,45044.63714954469,51040.77994194671,48143,-5996.1427924020245,FALSE
1990,27906.835677123185,27853.340953738498,48147,53.49472338468695,FALSE
1991,27853.53625550661,27883.681384450927,48147,-30.14512894431755,FALSE
1992,28596.49409836065,28262.477557460417,48147,334.01654090023294,FALSE
1993,28318.75931487889,28477.59845699983,48147,-158.83914212093805,FALSE
1994,29040.270708502023,28339.24345669632,48147,701.0272518057027,FALSE
1995,27934.26600393701,28276.305357139576,48147,-342.0393532025664,FALSE
1996,28856.849165073298,28768.5573237604,48147,88.2918413128973,FALSE
1997,29962.41240498442,29866.738592818627,48147,95.67381216579452,FALSE
1998,29891.87660122699,30656.94264539726,48147,-765.0660441702676,FALSE
1999,30804.101554621844,31372.68105618602,48147,-568.5795015641743,FALSE
2000,30248.72349593496,31763.522000878096,48147,-1514.7985049431372,FALSE
2001,30690.512766798416,32970.372942569,48147,-2279.8601757705874,FALSE
2002,30703.41501945525,32577.0452519415,48147,-1873.6302324862518,FALSE
2003,31147.341217391306,33503.70407989383,48147,-2356.3628625025267,FALSE
2004,31202.550100582313,33484.8567946204,48147,-2282.306694038085,FALSE
2005,31052.01921146953,34504.9258309351,48147,-3452.906619465568,FALSE
2006,31180.563333333328,35139.07856379508,48147,-3958.515230461755,FALSE
2007,31929.784510615307,35816.5611662975,48147,-3886.7766556821916,FALSE
2008,32856.39802046418,37037.042876080224,48147,-4180.644855616047,FALSE
2009,32983.36208206509,36826.16776522009,48147,-3842.8056831549984,FALSE
2010,33527.59441611329,38127.23698480932,48147,-4599.642568696036,FALSE
2011,35334.40537212311,38855.61398400615,48147,-3521.208611883041,FALSE
2012,35169.23085533594,39421.83419806534,48147,-4252.603342729402,FALSE
2013,35247.01033237894,39593.1182264265,48147,-4346.107894047564,FALSE
2014,36203.97859218708,41111.092152027944,48147,-4907.1135598408655,FALSE
2015,38322.02772374977,41869.48537393102,48147,-3547.457650181248,FALSE
2016,38986.58328298757,40988.17965622733,48147,-2001.5963732397577,FALSE
2017,39228.153896050906,42005.4941255964,48147,-2777.3402295454944,FALSE
2018,39554.41205143624,43211.150627910865,48147,-3656.7385764746286,FALSE
2019,41337.76260380118,44074.42132032138,48147,-2736.6587165202,FALSE
2020,42649,46139.247317244815,48147,-3490.2473172448153,FALSE
2021,44678.9716869026,48984.42139949973,48147,-4305.449712597132,FALSE
2022,41539.93709999829,45781.35541960932,48147,-4241.418319611024,FALSE
1990,31890.98052792655,31160.93839525107,48181,730.0421326754804,FALSE
1991,31194.136387665196,31180.275256177487,48181,13.861131487708917,FALSE
1992,31289.75183178902,31357.622092603568,48181,-67.87026081454678,FALSE
1993,30953.437384083045,31626.219164910537,48181,-672.7817808274922,FALSE
1994,31202.26813090418,31318.914168625157,48181,-116.64603772097689,FALSE
1995,31729.821023622044,31574.85072988708,48181,154.9702937349648,FALSE
1996,32131.16296367113,32296.516641452687,48181,-165.35367778155705,FALSE
1997,33122.97041121495,32934.423216445546,48181,188.54719476940227,FALSE
1998,33899.47760736196,33964.60197355353,48181,-65.12436619157234,FALSE
1999,34277.6993697479,34396.875981100726,48181,-119.17661135282833,FALSE
2000,35324.24467479675,34646.18759826299,48181,678.0570765337543,FALSE
2001,35388.86039525691,35043.646683103405,48181,345.2137121535052,FALSE
2002,35285.47747081712,34038.41495506648,48181,1247.0625157506365,FALSE
2003,35559.78745108696,34702.469059761075,48181,857.3183913258836,FALSE
2004,36189.6969507676,34169.80421490254,48181,2019.8927358650544,FALSE
2005,36654.95268817204,34790.54865083857,48181,1864.4040373334647,FALSE
2006,37916.58177083333,34939.6646993445,48181,2976.917071488824,FALSE
2007,39309.334394382226,35842.264944927796,48181,3467.0694494544296,FALSE
2008,40423.47904116523,36326.14652149471,48181,4097.332519670519,FALSE
2009,38814.95464651784,35500.6712172592,48181,3314.2834292586413,FALSE
2010,39165.37668305389,37146.82330975512,48181,2018.5533732987678,FALSE
2011,39907.97298378671,38469.64678036693,48181,1438.3262034197833,FALSE
2012,40789.724622594666,39086.37694947421,48181,1703.3476731204573,FALSE
2013,40969.6778675893,39226.35132902072,48181,1743.3265385685809,FALSE
2014,42238.70385577183,41424.411753281405,48181,814.2921024904281,FALSE
2015,43043.62475687397,43435.52627911862,48181,-391.9015222446469,FALSE
2016,43914.63233989008,42036.42285335115,48181,1878.20948653893,FALSE
2017,43810.56145153393,42941.32032046482,48181,869.2411310691095,FALSE
2018,44707.8127929528,43373.79359482211,48181,1334.0191981306853,FALSE
2019,46019.82049777632,45473.60374812718,48181,546.2167496491456,FALSE
2020,48119,47741.482097161985,48181,377.5179028380153,FALSE
2021,50189.10439163006,50072.78225188534,48181,116.3221397447196,FALSE
2022,47597.770897473136,48233.82209523628,48181,-636.0511977631468,FALSE
1990,35027.60351185922,34949.073973537175,48183,78.52953832204366,FALSE
1991,34485.3306020558,34158.85088173465,48183,326.4797203211492,FALSE
1992,35141.479330007125,34914.72138025163,48183,226.75794975549798,FALSE
1993,34836.49792387543,35468.384239301064,48183,-631.8863154256323,FALSE
1994,35330.670317138996,35733.371956583964,48183,-402.70163944496744,FALSE
1995,36427.13877952755,36004.2919125233,48183,422.84686700424936,FALSE
1996,37119.33673040153,36949.728594020344,48183,169.6081363811827,FALSE
1997,38553.97008722741,38674.97734911908,48183,-121.00726189166744,FALSE
1998,39667.94609202453,39736.58882439307,48183,-68.64273236853478,FALSE
1999,39471.00773109243,39551.419435723496,48183,-80.41170463106391,FALSE
2000,41480.39947154471,41001.71747668205,48183,478.68199486265803,FALSE
2001,43008.51343873517,47007.22916136376,48183,-3998.7157226285854,FALSE
2002,41966.51295719843,46391.85126928728,48183,-4425.338312088854,FALSE
2003,43007.636608695655,47326.850712743624,48183,-4319.214104047969,FALSE
2004,42460.62308628904,47193.945654032075,48183,-4733.322567743038,FALSE
2005,45087.18204301075,49375.33715241194,48183,-4288.155109401196,FALSE
2006,49016.18447916666,50571.40455369105,48183,-1555.22007452439,FALSE
2007,49987.96248227565,49690.58361571972,48183,297.3788665559332,FALSE
2008,56522.909717932394,57851.170394889654,48183,-1328.2606769572594,FALSE
2009,51162.15156359974,49860.6111396199,48183,1301.5404239798445,FALSE
2010,50369.727125142155,53556.478602913725,48183,-3186.7514777715696,FALSE
2011,54575.605666425115,60862.51753993263,48183,-6286.911873507517,FALSE
2012,52092.71118583238,63414.90794518344,48183,-11322.196759351064,FALSE
2013,50715.21069982873,64416.63942668461,48183,-13701.428726855884,FALSE
2014,51992.65653723979,66694.17922124408,48183,-14701.522684004289,FALSE
2015,48538.3232468557,58894.88924993654,48183,-10356.566003080836,FALSE
2016,46336.60130746186,54561.274364282224,48183,-8224.673056820364,FALSE
2017,45897.985354112265,63357.16106811829,48183,-17459.17571400602,FALSE
2018,47076.31577375381,68537.46753372472,48183,-21461.151759970904,FALSE
2019,47763.064539597974,70007.78230619164,48183,-22244.71776659367,FALSE
2020,50405,63435.484445928945,48183,-13030.484445928945,FALSE
2021,52621.81508654093,67717.47293697427,48183,-15095.657850433337,FALSE
2022,51377.50544497787,68973.40743261031,48183,-17595.901987632446,FALSE
1990,26799.908752869167,27433.230848694748,48213,-633.3220958255806,FALSE
1991,27194.15727606461,27239.724645281676,48213,-45.56736921706761,FALSE
1992,28301.342565930147,28294.11512275533,48213,7.227443174815562,FALSE
1993,28510.404830449825,28566.977098879568,48213,-56.57226842974342,FALSE
1994,29469.87601214575,29152.086795060954,48213,317.7892170847954,FALSE
1995,29484.754475065612,29510.25429024665,48213,-25.499815181035956,FALSE
1996,30328.2284639898,29782.054011524644,48213,546.1744524651549,FALSE
1997,31581.39211838006,31680.412968904846,48213,-99.02085052478651,FALSE
1998,32478.39880368098,32505.12663871298,48213,-26.727835032001167,FALSE
1999,34436.15508403361,32629.72334149248,48213,1806.4317425411318,FALSE
2000,34849.306951219514,33020.41839770637,48213,1828.8885535131412,FALSE
2001,35125.8113833992,34185.00590313733,48213,940.8054802618717,FALSE
2002,35045.22490272373,34083.930138017386,48213,961.2947647063411,FALSE
2003,34874.78225,34354.52861155346,48213,520.2536384465348,FALSE
2004,33866.0153414505,34411.07811591679,48213,-545.0627744662925,FALSE
2005,34179.48444444444,35137.22234324919,48213,-957.7378988047494,FALSE
2006,34138.40333333333,35505.19500316926,48213,-1366.7916698359331,FALSE
2007,35233.85564429782,36646.404692616976,48213,-1412.5490483191534,FALSE
2008,36303.95772933958,37208.34294627561,48213,-904.3852169360325,FALSE
2009,36201.957233484194,37723.073431428355,48213,-1521.1161979441604,FALSE
2010,36999.28139101881,38115.8157218402,48213,-1116.534330821385,FALSE
2011,38212.01357256856,38279.90734356524,48213,-67.89377099667763,FALSE
2012,38831.682570102006,38767.225377286864,48213,64.45719281514175,FALSE
2013,39716.490335126226,38884.66470092427,48213,831.8256342019522,FALSE
2014,40521.21229977697,39537.14126947795,48213,984.0710302990192,FALSE
2015,40444.78087647721,40500.60456086493,48213,-55.82368438771664,FALSE
2016,40218.05637335577,40301.22466916725,48213,-83.16829581147613,FALSE
2017,41422.219080450384,40851.11835352127,48213,571.1007269291149,FALSE
2018,40818.0259132561,41382.437504559166,48213,-564.4115913030691,FALSE
2019,42927.13144564788,42263.419774091795,48213,663.7116715560842,FALSE
2020,45074,44792.45415390398,48213,281.5458460960217,FALSE
2021,46108.79811418238,46377.677514021954,48213,-268.8793998395777,FALSE
2022,44911.09949941057,43945.50628901763,48213,965.5932103929445,FALSE
1990,25910.80286916603,27098.738883401453,48217,-1187.9360142354235,FALSE
1991,25913.403869309837,27067.279766892272,48217,-1153.8758975824348,FALSE
1992,27034.03567355666,27181.687052015175,48217,-147.65137845851496,FALSE
1993,26952.165591695502,27281.510705819546,48217,-329.3451141240439,FALSE
1994,27206.589534412953,27238.826614190828,48217,-32.2370797778749,FALSE
1995,27557.257854330703,27450.87805077718,48217,106.37980355352192,FALSE
1996,28086.519420012744,27897.52960333851,48217,188.98981667423504,FALSE
1997,29530.254473520246,29133.228616742945,48217,397.02585677730167,FALSE
1998,29296.45252147239,29863.426905370226,48217,-566.9743838978357,FALSE
1999,30628.557478991595,30042.356247279273,48217,586.2012317123226,FALSE
2000,29877.490528455284,30617.970500815558,48217,-740.4799723602737,FALSE
2001,30405.543003952567,31533.81465071525,48217,-1128.2716467626815,FALSE
2002,30438.70560311283,31482.86310932174,48217,-1044.1575062089105,FALSE
2003,30804.135326086955,32475.47296646265,48217,-1671.3376403756956,FALSE
2004,31816.352789835888,32482.453311119596,48217,-666.1005212837081,FALSE
2005,31931.95010752688,32840.5671221264,48217,-908.6170145995166,FALSE
2006,32481.03725694444,33364.285253457434,48217,-883.2479965129933,FALSE
2007,34446.22100683894,33636.42495856647,48217,809.7960482724666,FALSE
2008,35289.403895904834,35064.72253803676,48217,224.68135786807397,FALSE
2009,35571.025725166284,35019.32019912806,48217,551.7055260382258,FALSE
2010,36944.68392064423,35943.00171982677,48217,1001.682200817464,FALSE
2011,36467.72967337811,36133.25672019198,48217,334.4729531861303,FALSE
2012,36895.058363894525,37046.10832549506,48217,-151.0499616005327,FALSE
2013,38077.792098971055,37305.199832559105,48217,772.5922664119498,FALSE
2014,39810.60153504326,38546.61650663453,48217,1263.9850284087297,FALSE
2015,41383.85891729285,38558.48781377345,48217,2825.371103519399,FALSE
2016,40884.475261138214,38154.91227394759,48217,2729.5629871906203,FALSE
2017,41066.3961896214,39188.79442022027,48217,1877.6017694011316,FALSE
2018,42467.1141505414,40858.96956620762,48217,1608.1445843337788,FALSE
2019,43698.53211920659,41208.81262934269,48217,2489.719489863899,FALSE
2020,45629,43117.83379912847,48217,2511.1662008715284,FALSE
2021,47507.10532162231,45986.66120240752,48217,1520.444119214786,FALSE
2022,44929.6709606875,42464.86974843906,48217,2464.8012122484433,FALSE
1990,31079.102104055088,31208.56024540678,48221,-129.45814135169348,FALSE
1991,31135.229331864903,30883.72106755665,48221,251.50826430825327,FALSE
1992,31562.766999287236,31588.66317283729,48221,-25.89617355005248,FALSE
1993,32110.47479584775,32217.997944084655,48221,-107.5231482369054,FALSE
1994,32592.37309716599,33024.62974915502,48221,-432.2566519890315,FALSE
1995,33672.60175853018,33050.524410822625,48221,622.0773477075563,FALSE
1996,33777.39226896112,34093.79434906473,48221,-316.4020801036095,FALSE
1997,35764.293887850465,35883.467549431676,48221,-119.17366158121149,FALSE
1998,37748.2988588957,37492.09146590246,48221,256.20739299324487,FALSE
1999,39457.026344537815,37531.848209593816,48221,1925.1781349439989,FALSE
2000,41591.61906504065,37760.25234858836,48221,3831.366716452292,FALSE
2001,42765.9237944664,38624.146190356754,48221,4141.777604109644,FALSE
2002,42716.0434241245,38011.60462130828,48221,4704.438802816221,FALSE
2003,41397.10076630435,37386.45413940267,48221,4010.646626901682,FALSE
2004,42837.39929062995,37892.01907985503,48221,4945.380210774922,FALSE
2005,44084.00781362007,38036.147750589866,48221,6047.860063030203,FALSE
2006,47129.0209375,38287.39203042256,48221,8841.628907077436,FALSE
2007,48739.73009327584,38837.72672125525,48221,9902.00337202059,FALSE
2008,49137.342475488025,39978.60771135143,48221,9158.734764136592,FALSE
2009,46025.42811729445,40042.32088348024,48221,5983.107233814204,FALSE
2010,46934.83409766298,40083.91535081477,48221,6850.918746848205,FALSE
2011,49762.71678099396,40031.94818990571,48221,9730.76859108825,FALSE
2012,51022.946126640934,40870.54775872088,48221,10152.398367920054,FALSE
2013,50976.29143575853,41697.84734030305,48221,9278.444095455481,FALSE
2014,51881.14530954312,42700.1193920443,48221,9181.025917498824,FALSE
2015,51658.02785454207,44164.485998098826,48221,7493.5418564432475,FALSE
2016,51567.66607223955,42790.86059095682,48221,8776.805481282732,FALSE
2017,53909.80759627937,43298.02835689987,48221,10611.779239379495,FALSE
2018,53318.114751878675,43567.18081159311,48221,9750.933940285562,FALSE
2019,55478.08361202705,44344.040419816214,48221,11134.043192210833,FALSE
2020,58572,47269.69510799392,48221,11302.304892006083,FALSE
2021,58503.49253422887,49400.8306677008,48221,9102.66186652807,FALSE
2022,56076.96950334011,46204.19250351589,48221,9872.776999824215,FALSE
1990,29471.18678653405,29382.28332619063,48223,88.90346034341928,FALSE
1991,28193.676997063143,29010.959169809743,48223,-817.2821727465998,FALSE
1992,30005.84266571632,30045.14527717732,48223,-39.30261146099656,FALSE
1993,31481.805861591696,30716.670840888502,48223,765.1350207031937,FALSE
1994,30674.866497975705,30992.862044097645,48223,-317.9955461219397,FALSE
1995,30242.16724409448,30849.39254164413,48223,-607.2252975496522,FALSE
1996,31690.73889101338,31651.739318732096,48223,38.99957228128551,FALSE
1997,32753.701133956383,33091.569302624666,48223,-337.86816866828303,FALSE
1998,35552.37485276073,34327.2950596798,48223,1225.079793080935,FALSE
1999,34998.5175210084,34914.783853802175,48223,83.73366720622289,FALSE
2000,34638.89150406504,35145.225574686985,48223,-506.334070621946,FALSE
2001,34532.489723320155,36543.84080857455,48223,-2011.3510852543914,FALSE
2002,34399.276381322954,36348.95441637009,48223,-1949.678035047138,FALSE
2003,33666.528722826086,36589.53255875132,48223,-2923.0038359252358,FALSE
2004,33586.51590259396,36426.702106966666,48223,-2840.1862043727087,FALSE
2005,33665.30795698924,37392.13829415286,48223,-3726.830337163614,FALSE
2006,33382.25413194444,38357.333831694494,48223,-4975.079699750051,FALSE
2007,35201.401602183825,38945.942736547666,48223,-3744.5411343638407,FALSE
2008,36885.76348216234,41326.73213948084,48223,-4440.968657318495,FALSE
2009,35926.90487421749,39021.8553882385,48223,-3094.9505140210094,FALSE
2010,36859.22701049271,40172.25855047962,48223,-3313.031539986914,FALSE
2011,37308.80588070543,41140.850093267276,48223,-3832.044212561843,FALSE
2012,37843.07987578072,42172.67284600802,48223,-4329.592970227299,FALSE
2013,38575.51197002022,42451.5098532374,48223,-3875.9978832171837,FALSE
2014,40813.10933698297,44726.4213268466,48223,-3913.3119898636287,FALSE
2015,40950.354286823305,44510.177013244545,48223,-3559.82272642124,FALSE
2016,39453.50784352123,43064.799090954926,48223,-3611.291247433699,FALSE
2017,40489.89975522192,43979.778527921866,48223,-3489.8787726999435,FALSE
2018,41622.98710908098,44529.25645718336,48223,-2906.2693481023744,FALSE
2019,43353.32525610486,46217.45531473071,48223,-2864.1300586258512,FALSE
2020,45422,48698.32049013492,48223,-3276.3204901349236,FALSE
2021,48102.14998708343,50416.73334115413,48223,-2314.5833540707026,FALSE
2022,48225.663159693155,47029.830550468185,48223,1195.83260922497,FALSE
1990,30489.00510328998,30863.20028348966,48231,-374.1951801996802,FALSE
1991,30776.08631424376,30460.01970399459,48231,316.0666102491705,FALSE
1992,31588.592758374907,31216.386697723847,48231,372.2060606510604,FALSE
1993,30971.348179930796,31284.044546627087,48231,-312.6963666962911,FALSE
1994,31420.563508771927,31280.139913943596,48231,140.42359482833126,FALSE
1995,31622.832224409445,31719.226495922787,48231,-96.39427151334166,FALSE
1996,31920.02333333333,31907.129096203225,48231,12.894237130105466,FALSE
1997,33037.506342679124,33152.768795721764,48231,-115.26245304264012,FALSE
1998,34042.37938650306,33987.35323741878,48231,55.026149084282224,FALSE
1999,34346.052815126044,34412.113891685614,48231,-66.06107655957021,FALSE
2000,35076.25504065041,35364.53668649003,48231,-288.28164583961916,FALSE
2001,34937.29292490118,37059.65567877857,48231,-2122.362753877387,FALSE
2002,34327.34447470817,36815.84745975306,48231,-2488.502985044892,FALSE
2003,35180.01044021739,37417.38981154793,48231,-2237.379371330542,FALSE
2004,34599.01632080465,37530.90072630383,48231,-2931.8844054991787,FALSE
2005,34653.90501792114,38796.45919468811,48231,-4142.554176766971,FALSE
2006,34868.87684027777,40095.770423469985,48231,-5226.893583192214,FALSE
2007,35314.99074958281,40947.59915459202,48231,-5632.60840500921,FALSE
2008,35732.97067853211,43851.469199999156,48231,-8118.498521467045,FALSE
2009,35899.15836429147,40723.96833748576,48231,-4824.809973194293,FALSE
2010,35807.63225501705,42059.85473620811,48231,-6252.222481191056,FALSE
2011,36910.70414645748,44437.2306843558,48231,-7526.526537898324,FALSE
2012,37029.20171694382,46037.07069111739,48231,-9007.868974173572,FALSE
2013,36727.9491451212,46293.85711303289,48231,-9565.907967911691,FALSE
2014,37230.5378353947,48669.91291262657,48231,-11439.375077231867,FALSE
2015,38756.62430542956,47103.0666501656,48231,-8346.442344736039,FALSE
2016,39156.96222193519,46470.41730012566,48231,-7313.455078190469,FALSE
2017,39432.98962548955,48624.38332562028,48231,-9191.393700130728,FALSE
2018,39637.897143448805,50160.20698873639,48231,-10522.309845287586,FALSE
2019,41048.23426700618,52637.53161136868,48231,-11589.297344362501,FALSE
2020,43818,52686.67253260214,48231,-8868.67253260214,FALSE
2021,45388.63169723585,54764.72830756632,48231,-9376.096610330475,FALSE
2022,42505.65308639866,51968.146214981825,48231,-9462.493128583163,FALSE
1990,30154.352777352717,30117.428151212363,48251,36.92462614035321,FALSE
1991,29787.967958883994,29811.160024340123,48251,-23.192065456129058,FALSE
1992,30422.744205274408,30519.076326472503,48251,-96.33212119809468,FALSE
1993,31051.946761245672,30969.48586802115,48251,82.46089322452099,FALSE
1994,31431.04168690958,31230.8047701052,48251,200.2369168043806,FALSE
1995,31636.418103674536,31409.472969585408,48251,226.94513408912826,FALSE
1996,31835.897386870616,32100.607257917076,48251,-264.70987104645974,FALSE
1997,33085.88223052959,33348.173860758536,48251,-262.291630228945,FALSE
1998,34725.13233128834,34625.25796625317,48251,99.87436503516801,FALSE
1999,35748.851932773105,34999.658160531195,48251,749.1937722419098,FALSE
2000,36549.16317073171,35342.549058749544,48251,1206.6141119821623,FALSE
2001,37401.185335968374,36202.19579227372,48251,1198.9895436946535,FALSE
2002,37702.389533073925,36004.820536825195,48251,1697.5689962487304,FALSE
2003,37898.93252173913,36137.439225440736,48251,1761.4932962983949,FALSE
2004,36966.54097935415,36327.18006774324,48251,639.3609116109074,FALSE
2005,37163.82838709677,36931.66931597631,48251,232.1590711204626,FALSE
2006,39102.798854166664,37555.59710393748,48251,1547.2017502291856,FALSE
2007,40708.60290245102,38356.93882478568,48251,2351.664077665344,FALSE
2008,40845.40841976192,39808.71833995227,48251,1036.690079809654,FALSE
2009,39187.722975524026,39111.60164933318,48251,76.12132619084878,FALSE
2010,39932.11507135781,40044.86679633602,48251,-112.7517249782104,FALSE
2011,41277.1668096684,40469.18333138767,48251,807.9834782807302,FALSE
2012,40631.908913124906,41197.20911700942,48251,-565.3002038845152,FALSE
2013,41094.10783535159,41742.559512342596,48251,-648.4516769910042,FALSE
2014,41654.90978135983,43204.77198128731,48251,-1549.8621999274837,FALSE
2015,41946.21379057198,43885.6523912198,48251,-1939.4386006478235,FALSE
2016,42027.523838888024,43148.064724781856,48251,-1120.5408858938317,FALSE
2017,43155.93180075064,43909.58387904961,48251,-753.6520782989755,FALSE
2018,44164.644354796954,45074.63577754461,48251,-909.9914227476547,FALSE
2019,45390.14698208928,46112.80496712095,48251,-722.6579850316703,FALSE
2020,47294,48259.55105538943,48251,-965.5510553894273,FALSE
2021,49233.02138982174,50654.28391167398,48251,-1421.2625218522371,FALSE
2022,46973.41605644872,48035.71043862567,48251,-1062.2943821769513,FALSE
1990,30124.64990818669,29919.93095627919,48257,204.7189519075,FALSE
1991,29654.95202643172,29562.963633823656,48257,91.98839260806562,FALSE
1992,30433.812387740552,30486.23375217983,48257,-52.42136443927666,FALSE
1993,30801.19561937716,31048.94225635939,48257,-247.7466369822323,FALSE
1994,31567.258002699054,31655.2114863556,48257,-87.95348365654718,FALSE
1995,32327.59971128609,32245.102028902107,48257,82.49768238398246,FALSE
1996,33084.59035691523,32798.616328433905,48257,285.97402848132333,FALSE
1997,34095.32575700934,34838.010344604016,48257,-742.6845875946747,FALSE
1998,36589.20665030675,36123.639440914136,48257,465.5672093926114,FALSE
1999,37366.03231092437,36435.65999196021,48257,930.3723189641605,FALSE
2000,38202.427398373984,37402.85394211678,48257,799.5734562572034,FALSE
2001,38808.49754940711,38581.072759944655,48257,227.42478946245683,FALSE
2002,38613.04747081712,38090.15804452819,48257,522.8894262889298,FALSE
2003,37796.252070652175,37767.60110767523,48257,28.650962976942537,FALSE
2004,37398.12099523557,37745.01603588927,48257,-346.8950406536969,FALSE
2005,38117.97032258064,38615.18416962274,48257,-497.21384704210504,FALSE
2006,39237.596249999995,39673.22179505169,48257,-435.6255450516983,FALSE
2007,39889.76245526714,40762.26424011073,48257,-872.5017848435891,FALSE
2008,40833.38763974491,42043.828254468994,48257,-1210.4406147240807,FALSE
2009,40100.94506308934,40559.847666397465,48257,-458.9026033081245,FALSE
2010,39942.79718512675,41229.80642755954,48257,-1287.0092424327886,FALSE
2011,40545.39599180222,42131.650450569396,48257,-1586.2544587671728,FALSE
2012,40807.76070367692,43078.141277588205,48257,-2270.380573911287,FALSE
2013,40883.0212828977,43139.50573930755,48257,-2256.4844564098457,FALSE
2014,40989.12215717086,44236.464222121715,48257,-3247.3420649508553,FALSE
2015,42365.523055308266,44306.56234909317,48257,-1941.0392937849028,FALSE
2016,42871.87009962209,44090.60282074209,48257,-1218.7327211200027,FALSE
2017,43701.80846116187,45181.34610640702,48257,-1479.5376452451528,FALSE
2018,43863.68575149238,45689.31060007141,48257,-1825.6248485790275,FALSE
2019,44698.72091904387,47194.94913202799,48257,-2496.2282129841187,FALSE
2020,46445,49517.36062768951,48257,-3072.360627689508,FALSE
2021,48594.04084215964,50972.96595285701,48257,-2378.925110697375,FALSE
2022,44432.66328270489,48706.49765102732,48257,-4273.83436832243,FALSE
1990,27037.5317061974,27323.074078773025,48281,-285.54237257562636,FALSE
1991,26827.41334801762,27687.797166125736,48281,-860.3838181081155,FALSE
1992,29491.172181040623,29459.73354521969,48281,31.438635820933996,FALSE
1993,30007.7473633218,29753.191745738946,48281,254.5556175828533,FALSE
1994,30722.01829959514,29527.89850179792,48281,1194.1197977972188,FALSE
1995,29029.627519685037,29961.322114146875,48281,-931.6945944618383,FALSE
1996,29066.339267049072,29455.890745207897,48281,-389.55147815882447,FALSE
1997,30871.879096573208,30818.890628081535,48281,52.98846849167239,FALSE
1998,32052.86906134969,31583.721005206877,48281,469.1480561428143,FALSE
1999,34552.66663865546,32390.630514203982,48281,2162.036124451475,FALSE
2000,35184.46869918699,32650.26517961068,48281,2534.203519576309,FALSE
2001,38429.99924901185,34121.44742934509,48281,4308.551819666762,FALSE
2002,38454.79727626459,34009.8180718685,48281,4444.979204396084,FALSE
2003,39027.01090217391,34685.10140852831,48281,4341.909493645602,FALSE
2004,39380.64887771307,34493.319723895336,48281,4887.329153817736,FALSE
2005,43840.17154121863,35999.53458860666,48281,7840.636952611974,FALSE
2006,45856.79027777777,37058.66239448742,48281,8798.127883290348,FALSE
2007,47658.760844402,38043.48997447503,48281,9615.2708699269715,FALSE
2008,49311.643785734515,40197.78052063911,48281,9113.863265095402,FALSE
2009,50292.35879591864,39054.49290713328,48281,11237.86588878536,FALSE
2010,51199.37129452983,40220.82038128557,48281,10978.55091324426,FALSE
2011,52875.043923019126,41612.65410980919,48281,11262.389813209935,FALSE
2012,52066.78431927663,43526.11888792685,48281,8540.665431349778,FALSE
2013,51347.35937533536,43862.13498710585,48281,7485.224388229515,FALSE
2014,51098.38022100568,47198.72706879582,48281,3899.6531522098594,FALSE
2015,51862.22273085896,46302.60973699911,48281,5559.612993859846,FALSE
2016,51265.728712079224,45624.58379373346,48281,5641.144918345766,FALSE
2017,51712.57484905352,47175.52576638265,48281,4537.04908267087,FALSE
2018,51992.66008116061,47850.79084633682,48281,4141.869234823789,FALSE
2019,52501.813296721775,51962.081104471676,48281,539.7321922500996,FALSE
2020,55004,52731.62994243156,48281,2272.3700575684416,FALSE
2021,57094.678920175655,53782.30145806057,48281,3312.377462115088,FALSE
2022,52819.00458218722,48334.360628216564,48281,4484.643953970655,FALSE
1990,27502.87665646519,28014.72778124773,48287,-511.85112478254086,FALSE
1991,27994.15309838473,27972.79386467068,48287,21.359233714050788,FALSE
1992,29983.70630078403,29704.588053785177,48287,279.11824699885256,FALSE
1993,30346.26140484429,30130.068136048358,48287,216.19326879593063,FALSE
1994,29965.843110661262,30363.877537594835,48287,-398.03442693357283,FALSE
1995,30473.127191601045,29470.877505223292,48287,1002.2496863777524,FALSE
1996,29623.879853409813,29806.57666238541,48287,-182.69680897559738,FALSE
1997,30963.793283489096,31225.20396518288,48287,-261.4106816937856,FALSE
1998,31922.66966257668,32129.396873114034,48287,-206.72721053735222,FALSE
1999,32646.537605042013,34043.563150105256,48287,-1397.025545063243,FALSE
2000,33182.51601626016,34256.61159192906,48287,-1074.0955756689,FALSE
2001,34896.37418972332,36510.65517082511,48287,-1614.2809811017942,FALSE
2002,34750.30408560311,35983.58268450295,48287,-1233.278598899844,FALSE
2003,35551.34796195652,36527.98509436556,48287,-976.6371324090433,FALSE
2004,35021.00566966648,36730.80033206342,48287,-1709.79466239694,FALSE
2005,36939.870071684585,39660.69556770832,48287,-2720.825496023732,FALSE
2006,38175.906284722216,40898.84339086315,48287,-2722.937106140933,FALSE
2007,38967.31871979627,42664.90928174106,48287,-3697.5905619447876,FALSE
2008,41459.670278630576,43700.87314055213,48287,-2241.202861921556,FALSE
2009,39907.92586360394,43945.33936147247,48287,-4037.4134978685324,FALSE
2010,41079.84885075393,45352.300877437985,48287,-4272.4520266840555,FALSE
2011,43014.54721057709,46829.92632683597,48287,-3815.3791162588823,FALSE
2012,45341.580585729585,46473.59442640582,48287,-1132.0138406762344,FALSE
2013,45414.716269526136,46292.558900982905,48287,-877.8426314567696,FALSE
2014,49219.0880601176,47294.71965580035,48287,1924.3684043172543,FALSE
2015,47592.69349877856,48928.45903491056,48287,-1335.7655361319994,FALSE
2016,46985.76663180657,47787.80746252163,48287,-802.0408307150647,FALSE
2017,48938.84566742819,48425.188341011875,48287,513.6573264163162,FALSE
2018,49451.00283544464,48687.95848384487,48287,763.0443515997686,FALSE
2019,54446.51237008961,50033.9202974254,48287,4412.592072664207,FALSE
2020,54803,52470.74933613864,48287,2332.250663861363,FALSE
2021,55569.33970550245,54693.267325077526,48287,876.072380424921,FALSE
2022,49356.75358698809,51593.91497684323,48287,-2237.161389855144,FALSE
1990,32801.86851568478,32574.024767073533,48303,227.84374861124525,FALSE
1991,32195.55633627019,32118.114160827256,48303,77.44217544293497,FALSE
1992,32857.74434782608,33050.2271418843,48303,-192.48279405821813,FALSE
1993,33235.2727750865,33337.95575480346,48303,-102.68297971695574,FALSE
1994,33619.23455465587,33465.32924036615,48303,153.90531428972463,FALSE
1995,33752.418799212595,33923.99259632999,48303,-171.57379711739486,FALSE
1996,34412.46068833652,34208.75630478677,48303,203.70438354974613,FALSE
1997,34866.11490342679,35091.89473465372,48303,-225.77983122692967,FALSE
1998,36316.105472392635,36281.07030846437,48303,35.03516392826714,FALSE
1999,36272.37718487395,36310.32536427168,48303,-37.94817939773202,FALSE
2000,36944.44361788618,36930.409780842114,48303,14.033837044065876,FALSE
2001,36386.98525691699,38267.870290569525,48303,-1880.8850336525356,FALSE
2002,36722.676964980536,38201.0886533471,48303,-1478.4116883665629,FALSE
2003,37164.696967391304,38996.20999664197,48303,-1831.5130292506656,FALSE
2004,36610.31620434092,39393.413706802254,48303,-2783.0975024613363,FALSE
2005,37322.852043010746,40465.953710728325,48303,-3143.1016677175794,FALSE
2006,37908.8790625,42066.570872889315,48303,-4157.691810389319,FALSE
2007,38390.63535607836,42841.36159517752,48303,-4450.72623909916,FALSE
2008,39532.73924190559,45011.45271483787,48303,-5478.713472932279,FALSE
2009,39428.996974880785,43678.09171546839,48303,-4249.094740587607,FALSE
2010,40425.86610778882,44163.270570901885,48303,-3737.4044631130673,FALSE
2011,40880.21565846741,44998.19248049421,48303,-4117.9768220268015,FALSE
2012,42098.467756126025,44704.39395137337,48303,-2605.926195247346,FALSE
2013,42015.111793163545,44213.3408863937,48303,-2198.229093230155,FALSE
2014,42942.75513652339,45318.55187959556,48303,-2375.796743072169,FALSE
2015,43556.84182569182,45692.05175011759,48303,-2135.2099244257697,FALSE
2016,43400.26047990267,45026.3225273822,48303,-1626.062047479536,FALSE
2017,43438.9007465731,45485.98191062088,48303,-2047.0811640477841,FALSE
2018,44604.74477812247,46209.060167177464,48303,-1604.3153890549947,FALSE
2019,45694.860371513394,47055.98778924967,48303,-1361.1274177362793,FALSE
2020,47592,49220.236531313385,48303,-1628.236531313385,FALSE
2021,49027.66889692585,51358.35640804328,48303,-2330.6875111174304,FALSE
2022,46354.36734721771,48456.35736230716,48303,-2101.9900150894464,FALSE
1990,29601.879410864574,29690.093700499045,48309,-88.21428963447033,FALSE
1991,29708.158399412627,29588.761834755558,48309,119.39656465706867,FALSE
1992,30146.039643620807,30395.75245333648,48309,-249.71280971567467,FALSE
1993,30652.53601384083,30703.858319582316,48309,-51.32230574148707,FALSE
1994,31221.478124156543,31388.902513561243,48309,-167.42438940469947,FALSE
1995,32264.765019685034,31542.65694721615,48309,722.1080724688836,FALSE
1996,32291.167214786485,32261.05262388589,48309,30.114590900593612,FALSE
1997,33179.408947040494,33320.746506410345,48309,-141.33755936985108,FALSE
1998,34274.19782822085,34450.042627157534,48309,-175.84479893668322,FALSE
1999,34863.364117647056,35356.40061862413,48309,-493.0365009770758,FALSE
2000,34674.962723577235,35873.60489722166,48309,-1198.6421736444245,FALSE
2001,35204.72608695652,35918.787137217376,48309,-714.0610502608542,FALSE
2002,35338.707081712055,35888.9127661437,48309,-550.2056844316467,FALSE
2003,36355.9125923913,35965.444704457725,48309,390.467887933577,FALSE
2004,36073.23885124404,35387.6908246451,48309,685.548026598939,FALSE
2005,36579.4164516129,35824.585136854395,48309,754.8313147585068,FALSE
2006,36784.283645833326,36217.877039119936,48309,566.4066067133899,FALSE
2007,37053.77846745955,37061.359774523,48309,-7.5813070634467294,FALSE
2008,37067.27726041903,38052.833272655655,48309,-985.5560122366223,FALSE
2009,37064.51178118459,37871.19928412301,48309,-806.6875029384173,FALSE
2010,37815.86964357779,38672.54255084014,48309,-856.6729072623493,FALSE
2011,37998.00512583411,39435.99083087173,48309,-1437.9857050376158,FALSE
2012,38516.051151162486,40321.07839567543,48309,-1805.027244512945,FALSE
2013,38281.1017784398,40677.773180775366,48309,-2396.671402335567,FALSE
2014,39303.334773756425,41574.337091355075,48309,-2271.00231759865,FALSE
2015,40920.87160414653,41962.138632525384,48309,-1041.2670283788539,FALSE
2016,41202.58783702141,41888.11396888687,48309,-685.5261318654593,FALSE
2017,41808.661745267615,42550.98496582864,48309,-742.3232205610257,FALSE
2018,42361.98477541446,43026.507997945984,48309,-664.5232225315267,FALSE
2019,42573.82588781062,44540.51159107484,48309,-1966.685703264222,FALSE
2020,45560,46448.79345229691,48309,-888.7934522969081,FALSE
2021,47554.86171531903,47962.154076717605,48309,-407.29236139857676,FALSE
2022,45616.81502793392,45787.581717893285,48309,-170.7666899593678,FALSE
1990,43441.43625095639,40418.10072025904,48329,3023.3355306973463,FALSE
1991,41098.12267254038,40498.23964954534,48329,599.8830229950399,FALSE
1992,41870.93426942266,41213.22188962012,48329,657.712379802535,FALSE
1993,42758.44292733563,41976.266460293555,48329,782.1764670420744,FALSE
1994,42314.37604588394,42894.81976672706,48329,-580.4437208431191,FALSE
1995,41959.98811023621,44234.0105853305,48329,-2274.022475094287,FALSE
1996,44149.626609305284,45060.284865004855,48329,-910.6582556995709,FALSE
1997,47916.316915887845,46646.41700456091,48329,1269.899911326931,FALSE
1998,47934.02011656441,49037.18699356732,48329,-1103.1668770029064,FALSE
1999,45451.93420168067,50609.80122335329,48329,-5157.867021672624,FALSE
2000,49752.73247967479,52065.96022576461,48329,-2313.2277460898185,FALSE
2001,72566.45407114623,51498.73637134562,48329,21067.71769980061,FALSE
2002,71075.91692607003,48860.02901033946,48329,22215.88791573057,FALSE
2003,75246.48508695653,46938.21536213521,48329,28308.269724821315,FALSE
2004,75011.34695076759,48336.73549107828,48329,26674.61145968931,FALSE
2005,81804.41899641576,49753.91915270203,48329,32050.499843713726,FALSE
2006,84139.25069444443,51506.3577508854,48329,32632.892943559033,FALSE
2007,77683.74272940359,52295.07804521299,48329,25388.664684190597,FALSE
2008,107785.5261004259,53413.78225208323,48329,54371.74384834267,FALSE
2009,77020.69244465989,51850.19165537675,48329,25170.500789283135,FALSE
2010,89373.68520013207,52432.89576517672,48329,36940.789434955346,FALSE
2011,117735.7114462143,53100.46032375881,48329,64635.2511224555,FALSE
2012,125777.9931923308,54587.47960239836,48329,71190.51358993244,FALSE
2013,129349.39541632148,55051.890116447656,48329,74297.50529987382,FALSE
2014,134970.12891153016,56100.9391972109,48329,78869.18971431926,FALSE
2015,99976.86890813736,58269.47442112207,48329,41707.39448701529,FALSE
2016,82500.07027295037,59233.85086793538,48329,23266.219405014985,FALSE
2017,117224.1092240535,60442.94609334055,48329,56781.16313071296,FALSE
2018,136647.5740620532,61146.671336627354,48329,75500.90272542584,FALSE
2019,138259.90418803316,63265.68038407102,48329,74994.22380396214,FALSE
2020,103175,65256.3204037291,48329,37918.6795962709,FALSE
2021,115157.85750452075,67384.90346433395,48329,47772.9540401868,FALSE
2022,129493.4933522407,63963.06381592903,48329,65530.42953631166,FALSE
1990,31845.43612853864,32088.47196450749,48341,-243.03583596885073,FALSE
1991,32206.957701908956,31483.679870745553,48341,723.2778311634029,FALSE
1992,31935.39580898075,31755.332656648563,48341,180.0631523321863,FALSE
1993,32447.197757785467,31562.566254312744,48341,884.6315034727231,FALSE
1994,31436.280775978405,31892.243379236745,48341,-455.9626032583401,FALSE
1995,31807.93982939632,32110.24569416603,48341,-302.30586476971075,FALSE
1996,32787.675251752706,32623.147608987558,48341,164.5276427651479,FALSE
1997,33198.75930218068,33738.13102503276,48341,-539.3717228520763,FALSE
1998,34110.65468098159,34374.97865548993,48341,-264.32397450834105,FALSE
1999,34891.326890756296,34521.574334849975,48341,369.7525559063215,FALSE
2000,34638.89150406504,35363.84872953561,48341,-724.9572254705708,FALSE
2001,35440.008814229244,36650.42911211059,48341,-1210.4202978813482,FALSE
2002,33144.783929961086,36517.265182044575,48341,-3372.4812520834894,FALSE
2003,33731.23147282609,36995.52807238625,48341,-3264.2965995601626,FALSE
2004,33037.10769190047,37569.07290219762,48341,-4531.965210297152,FALSE
2005,33821.68121863799,38208.76250900608,48341,-4387.081290368093,FALSE
2006,33499.07854166666,39357.36355984069,48341,-5858.285018174029,FALSE
2007,35047.86901833685,40271.87738366517,48341,-5224.0083653283145,FALSE
2008,34623.45268296308,42656.7426952768,48341,-8033.290012313722,FALSE
2009,32958.028312132636,40082.07214217253,48341,-7124.043830039896,FALSE
2010,35667.57787449095,41085.99033829688,48341,-5418.412463805929,FALSE
2011,37870.29040762162,43044.043780031934,48341,-5173.753372410312,FALSE
2012,38177.874630870145,43991.728462135135,48341,-5813.853831264991,FALSE
2013,38516.629931704134,44239.688814954396,48341,-5723.058883250262,FALSE
2014,42264.94179170046,45632.69613556158,48341,-3367.7543438611174,FALSE
2015,46167.69716940135,45188.743220021286,48341,978.9539493800621,FALSE
2016,43227.724845525336,45157.173065151605,48341,-1929.4482196262688,FALSE
2017,44640.46291204307,46559.57784254782,48341,-1919.114930504751,FALSE
2018,44140.93871138598,48065.8040616468,48341,-3924.8653502608213,FALSE
2019,47704.34900276542,49455.18699841047,48341,-1750.8379956450517,FALSE
2020,50293,49910.0458322001,48341,382.95416779990046,FALSE
2021,53070.725187290096,52308.64367912694,48341,762.081508163159,FALSE
2022,52657.167562488255,50303.65274697131,48341,2353.5148155169445,FALSE
1990,32504.83982402449,32691.627933618598,48367,-186.7881095941084,FALSE
1991,32377.978186490454,32577.51191339606,48367,-199.53372690560718,FALSE
1992,33527.36938702779,33420.48445009041,48367,106.88493693738565,FALSE
1993,33946.33137024222,33956.14432333762,48367,-9.812953095402918,FALSE
1994,34279.35977732793,35111.56930430698,48367,-832.2095269790443,FALSE
1995,35696.89776902887,35942.02231700416,48367,-245.12454797529062,FALSE
1996,36520.55793499044,36669.96674285835,48367,-149.4088078679124,FALSE
1997,39316.69658566978,38735.608900698455,48367,581.087684971324,FALSE
1998,40834.97728834355,40107.69515494352,48367,727.2821334000328,FALSE
1999,41847.843445378145,40992.1147212303,48367,855.728724147848,FALSE
2000,43649.18154471544,41525.55435358549,48367,2123.627191129948,FALSE
2001,44532.736324110665,42860.44188789684,48367,1672.2944362138223,FALSE
2002,44192.08614785991,41709.19956422785,48367,2482.886583632062,FALSE
2003,43943.01332065217,40571.768294408066,48367,3371.2450262441052,FALSE
2004,42948.377008999465,40717.41352539221,48367,2230.9634836072582,FALSE
2005,44836.71978494623,40838.4817342202,48367,3998.2380507260314,FALSE
2006,46948.00729166666,41714.82770935527,48367,5233.1795823113935,FALSE
2007,47743.640646853986,43032.99429734134,48367,4710.6463495126445,FALSE
2008,50049.719678778274,43400.457140501385,48367,6649.262538276889,FALSE
2009,48438.16811086199,42788.633205541606,48367,5649.534905320383,FALSE
2010,48368.61114576071,43097.835933524606,48367,5270.775212236105,FALSE
2011,49806.43893677842,43767.99559108543,48367,6038.443345692984,FALSE
2012,51769.18898141937,44556.490099664035,48367,7212.698881755336,FALSE
2013,53087.1569602974,44758.675998357336,48367,8328.480961940062,FALSE
2014,54242.559543119765,45477.68476998929,48367,8764.874773130476,FALSE
2015,54091.98710219098,46676.77278355739,48367,7415.214318633589,FALSE
2016,54202.06953963842,47271.703461439705,48367,6930.366078198713,FALSE
2017,55021.622148335504,48150.15421393534,48367,6871.467934400163,FALSE
2018,56030.86490221299,48852.63495240376,48367,7178.2299498092325,FALSE
2019,58513.06946416487,50537.701920839405,48367,7975.367543325468,FALSE
2020,60756,52242.13006298046,48367,8513.869937019539,FALSE
2021,63578.08692844225,54484.06002844735,48367,9094.026899994904,FALSE
2022,61933.170292665425,51593.48366953112,48367,10339.686623134308,FALSE
1990,30514.747589900537,29952.84985466312,48375,561.8977352374168,FALSE
1991,28619.327980910424,29496.865265683755,48375,-877.5372847733306,FALSE
1992,29657.194918032783,29775.689197157186,48375,-118.49427912440296,FALSE
1993,29946.850657439445,29819.116418088364,48375,127.73423935108076,FALSE
1994,30467.049298245613,29994.42967489108,48375,472.61962335453427,FALSE
1995,30422.18014435695,30380.179278685202,48375,42.000865671747306,FALSE
1996,30669.6808349267,30873.908234430874,48375,-204.22739950417235,FALSE
1997,31961.949102803737,31982.99257613959,48375,-21.043473335852468,FALSE
1998,32522.857134969323,32812.316135774956,48375,-289.45900080563297,FALSE
1999,33510.27659663865,33311.40156715447,48375,198.87502948418114,FALSE
2000,34144.41520325203,34053.33563885846,48375,91.07956439357076,FALSE
2001,35947.10885375494,34640.5886306603,48375,1306.520223094638,FALSE
2002,36773.02929961089,34558.90928700934,48375,2214.1200126015538,FALSE
2003,36711.777717391305,35095.70459750016,48375,1616.0731198911453,FALSE
2004,33659.13095288512,35307.30253952039,48375,-1648.1715866352679,FALSE
2005,34619.449892473116,35916.67833583345,48375,-1297.2284433603345,FALSE
2006,35485.09350694444,36987.475386114456,48375,-1502.3818791700178,FALSE
2007,36553.23727947063,37925.33005671946,48375,-1372.0927772488285,FALSE
2008,40107.33252671816,39406.08228495628,48375,701.2502417618743,FALSE
2009,38746.19155670117,37847.64028807855,48375,898.5512686226139,FALSE
2010,41682.7948279341,38689.2369848564,48375,2993.5578430777023,FALSE
2011,44126.01043393987,39374.9118236721,48375,4751.098610267771,FALSE
2012,43677.75210589127,40253.510986681285,48375,3424.2411192099826,FALSE
2013,43579.37424503235,40375.63373491765,48375,3203.7405101147015,FALSE
2014,44486.42036699108,41832.46502774208,48375,2653.955339248998,FALSE
2015,42991.21109878194,42078.679463114284,48375,912.5316356676558,FALSE
2016,42070.65774748236,42231.473871092145,48375,-160.8161236097876,FALSE
2017,43125.3120267624,42726.94740720933,48375,398.3646195530746,FALSE
2018,44460.44955736001,43810.49892557256,48375,649.9506317874475,FALSE
2019,46792.23350817697,44832.67511972251,48375,1959.5583884544612,FALSE
2020,50394,46965.965369698235,48375,3428.034630301765,FALSE
2021,52860.59705502453,49168.91613462729,48375,3691.6809203972443,FALSE
2022,50160.632553689495,46428.913704610066,48375,3731.7188490794288,FALSE
1990,36128.58986228003,36119.692753363284,48381,8.89710891674622,FALSE
1991,36258.242958883995,35564.39528734753,48381,693.8476715364668,FALSE
1992,37019.38095509622,37011.97798674498,48381,7.402968351234449,FALSE
1993,37791.77923875432,37684.49630168003,48381,107.28293707429111,FALSE
1994,38542.231916329285,37569.58449945221,48381,972.6474168770728,FALSE
1995,38712.96296587926,38420.24694733423,48381,292.7160185450339,FALSE
1996,38580.81885914595,39058.69087255929,48381,-477.87201341334,FALSE
1997,39465.04930841121,39706.814564863766,48381,-241.76525645255606,FALSE
1998,40493.600815950915,41378.89170249153,48381,-885.2908865406134,FALSE
1999,38316.76659663865,42806.74743561599,48381,-4489.980838977339,FALSE
2000,38089.70483739837,43033.419089946685,48381,-4943.714252548314,FALSE
2001,41161.32482213438,43747.588830312015,48381,-2586.2640081776335,FALSE
2002,41186.77108949416,42389.67411793428,48381,-1202.903028440116,FALSE
2003,41698.10921195652,42415.55221837285,48381,-717.4430064163316,FALSE
2004,43193.62406564319,42997.42434012926,48381,196.19972551392857,FALSE
2005,43747.40774193548,44191.10324698624,48381,-443.6955050507604,FALSE
2006,45186.654652777775,45446.97250557225,48381,-260.3178527944765,FALSE
2007,45813.873373460265,46469.22904470881,48381,-655.3556712485442,FALSE
2008,48318.727356330375,47826.90058270978,48381,491.8267736205962,FALSE
2009,46348.7352764325,46650.18045803932,48381,-301.4451816068249,FALSE
2010,48411.33960083647,47446.281491744645,48381,965.0581090918276,FALSE
2011,48079.41378329236,49028.20461087241,48381,-948.790827580051,FALSE
2012,48026.702156850784,49237.81042924511,48381,-1211.1082723943255,FALSE
2013,47467.81073760393,48858.45925929168,48381,-1390.6485216877481,FALSE
2014,48629.8277490538,50361.855267883715,48381,-1732.0275188299129,FALSE
2015,49787.515431382555,51965.93903789702,48381,-2178.423606514465,FALSE
2016,49130.60023665976,50766.67193565822,48381,-1636.0716989984576,FALSE
2017,49299.94782963446,52715.667228751365,48381,-3415.7193991169042,FALSE
2018,49308.76897497879,52675.207493750466,48381,-3366.438518771676,FALSE
2019,50541.929170724834,54545.60867714682,48381,-4003.679506421984,FALSE
2020,52706,56110.72720547037,48381,-3404.7272054703717,FALSE
2021,53809.99416171531,58205.95342258934,48381,-4395.959260874028,FALSE
2022,50852.198397430424,55646.8617345415,48381,-4794.663337111073,FALSE
1990,42875.1015455241,43441.43450573635,48397,-566.332960212254,FALSE
1991,43081.960293685755,41098.12138339081,48397,1983.838910294944,FALSE
1992,44112.24121881682,41870.93296506891,48397,2241.308253747906,FALSE
1993,45104.75718339101,42758.44157662705,48397,2346.3156067639648,FALSE
1994,46344.981902834006,42314.37490222745,48397,4030.6070006065565,FALSE
1995,47947.96439632545,41959.987201841206,48397,5987.977194484243,FALSE
1996,48910.165462077755,44149.62529688651,48397,4760.540165191247,FALSE
1997,50444.76332087227,47916.31507970629,48397,2528.4482411659774,FALSE
1998,52848.25352147238,47934.01850910605,48397,4914.235012366335,FALSE
1999,54763.537647058816,45451.93298683532,48397,9311.604660223493,FALSE
2000,55483.547479674795,49752.73054134045,48397,5730.816938334348,FALSE
2001,54549.05814229249,72566.44844517318,48397,-18017.390302880696,FALSE
2002,51156.53334630349,71075.91158991093,48397,-19919.37824360744,FALSE
2003,48652.24825543478,75246.47891708252,48397,-26594.230661647744,FALSE
2004,50677.08453149814,75011.3408592674,48397,-24334.256327769253,FALSE
2005,51645.582652329744,81804.41174298292,48397,-30158.829090653177,FALSE
2006,53415.71472222221,84139.24316908514,48397,-30723.528446862925,FALSE
2007,54197.00209798304,77683.73666010752,48397,-23486.734562124482,FALSE
2008,55529.993288528254,107785.51445575485,48397,-52255.521167226594,FALSE
2009,54407.286854948085,77020.68654386724,48397,-22613.399688919155,FALSE
2010,55188.54733646402,89373.67716518149,48397,-34185.12982871747,FALSE
2011,55557.05300548148,117735.6979739664,48397,-62178.644968484914,FALSE
2012,57366.01039225763,125777.97823277909,48397,-68411.96784052145,FALSE
2013,57665.51318483669,129349.37981776216,48397,-71683.86663292548,FALSE
2014,58475.61320627197,134970.11246825673,48397,-76494.49926198476,FALSE
2015,60846.79728880206,99976.85942469408,48397,-39130.06213589202,FALSE
2016,61909.020657730805,82500.0641130037,48397,-20591.04345527289,FALSE
2017,63551.86883975195,117224.0963998242,48397,-53672.22756007224,FALSE
2018,63372.39959857749,136647.5576014125,48397,-73275.158002835,FALSE
2019,65577.15594722616,138259.8876110758,48397,-72682.73166384964,FALSE
2020,67772,103174.99074470704,48397,-35402.990744707044,FALSE
2021,69190.41831568068,115157.84646900195,48397,-45967.42815332126,FALSE
2022,64878.95779330611,129493.47887992278,48397,-64614.521086616674,FALSE
1990,32023.653343534817,32000.04117676731,48451,23.612166767507006,FALSE
1991,31863.016505139494,31647.357813793045,48451,215.6586913464489,FALSE
1992,32267.441282965072,32445.615207438106,48451,-178.17392447303428,FALSE
1993,32843.02634602076,32899.84391512972,48451,-56.81756910896365,FALSE
1994,32782.72666666666,33053.89474639959,48451,-271.1680797329245,FALSE
1995,33840.72701443569,33334.610117017204,48451,506.11689741848386,FALSE
1996,33843.37340344168,33911.07431872524,48451,-67.70091528355988,FALSE
1997,34677.44894080997,34839.04463962009,48451,-161.5956988101243,FALSE
1998,36055.706674846624,36062.963522890095,48451,-7.256848043471109,FALSE
1999,36165.18655462185,36483.78245518283,48451,-318.59590056098386,FALSE
2000,36612.28780487805,36929.16059805416,48451,-316.87279317610955,FALSE
2001,39243.989802371536,38423.6317438397,48451,820.3580585318341,FALSE
2002,39379.841595330734,38019.39057570848,48451,1360.4510196222545,FALSE
2003,40339.351461956525,38356.75394053005,48451,1982.5975214264763,FALSE
2004,39854.701847538374,38190.59803528915,48451,1664.1038122492246,FALSE
2005,41420.361577060925,39185.58282650298,48451,2234.778750557947,FALSE
2006,41527.86819444444,39989.592743455425,48451,1538.2754509890146,FALSE
2007,42205.2335368618,40885.968174659836,48451,1319.2653622019643,FALSE
2008,46837.76725823606,42496.424454407876,48451,4341.342803828185,FALSE
2009,43394.33515430904,41099.568590102506,48451,2294.766564206533,FALSE
2010,44796.0375408152,42511.09325892051,48451,2284.944281894692,FALSE
2011,45374.39303989081,43995.312093165034,48451,1379.0809467257786,FALSE
2012,46297.492883089275,44562.09619787108,48451,1735.3966852181984,FALSE
2013,46120.18974746412,44678.9714998445,48451,1441.218247619625,FALSE
2014,49190.66362952825,46293.82978760376,48451,2896.83384192449,FALSE
2015,46825.05179797229,46803.553393443675,48451,21.498404528618266,FALSE
2016,44809.66094322249,45676.71648538901,48451,-867.0555421665267,FALSE
2017,46438.58274314621,47017.81749820049,48451,-579.2347550542836,FALSE
2018,49583.96057457577,47769.935418636815,48451,1814.025155938958,FALSE
2019,52200.13691782349,49363.45596782099,48451,2836.6809500024974,FALSE
2020,55305,51019.88436696848,48451,4285.115633031521,FALSE
2021,57151.98659261172,53211.258552808045,48451,3940.7280398036746,FALSE
2022,54414.38154140541,51028.52612602605,48451,3385.8554153793593,FALSE
1990,27059.313810252486,26931.514715385005,48467,127.79909486748147,FALSE
1991,26709.59923641703,27018.72522177366,48467,-309.1259853566298,FALSE
1992,27674.14555951532,28135.65292260303,48467,-461.50736308770865,FALSE
1993,27910.39316955017,28427.985205070327,48467,-517.5920355201561,FALSE
1994,28593.201774628877,29080.47959680831,48467,-487.2778221794324,FALSE
1995,29202.847480314955,29186.745136466503,48467,16.10234384845171,FALSE
1996,29427.585978330146,29987.02681024327,48467,-559.4408319131253,FALSE
1997,31908.73562616822,31346.592819180358,48467,562.1428069878639,FALSE
1998,32888.05057055214,31993.29870432932,48467,894.7518662228213,FALSE
1999,31930.379915966383,33650.72247186019,48467,-1720.3425558938034,FALSE
2000,32960.07682926829,33789.318458601956,48467,-829.2416293336646,FALSE
2001,34164.221106719364,34406.07005885501,48467,-241.84895213564596,FALSE
2002,33904.384863813226,34336.952312517504,48467,-432.5674487042779,FALSE
2003,33857.82380978261,34386.76004890846,48467,-528.9362391258474,FALSE
2004,33567.33456855478,33952.03861604519,48467,-384.7040474904061,FALSE
2005,33895.892258064516,34453.04865165498,48467,-557.1563935904633,FALSE
2006,33950.97076388889,34890.19720671586,48467,-939.22644282697,FALSE
2007,35041.62785639185,36181.99656946496,48467,-1140.368713073105,FALSE
2008,35397.59091605783,37596.12086680619,48467,-2198.529950748358,FALSE
2009,36106.65400373827,36711.83699266531,48467,-605.1829889270375,FALSE
2010,35932.25691565469,37924.785629032835,48467,-1992.5287133781458,FALSE
2011,36070.77852217712,38766.489073557124,48467,-2695.710551380005,FALSE
2012,36820.65952943021,39411.524547692046,48467,-2590.8650182618367,FALSE
2013,36740.16994552643,40151.257326013765,48467,-3411.0873804873336,FALSE
2014,36983.46393873345,41512.84669718112,48467,-4529.382758447675,FALSE
2015,37451.74260917993,41545.79609546526,48467,-4094.053486285331,FALSE
2016,37474.73978675622,41084.98616134859,48467,-3610.246374592374,FALSE
2017,38200.80768603132,42057.630595067814,48467,-3856.822909036491,FALSE
2018,38461.89109423472,42197.8202324874,48467,-3735.929138252679,FALSE
2019,39595.53089882147,43995.84424142418,48467,-4400.3133426027125,FALSE
2020,42107,46156.75300940043,48467,-4049.7530094004323,FALSE
2021,43241.50423663135,47444.101679982115,48467,-4202.597443350765,FALSE
2022,41158.77996617177,45766.754900138105,48467,-4607.974933966332,FALSE
1990,34197.90336648814,33602.27168112326,48477,595.6316853648823,FALSE
1991,34116.686446402346,33636.76995615948,48477,479.91649024286744,FALSE
1992,34018.05880969351,34231.43202917072,48477,-213.3732194772092,FALSE
1993,33851.40415224913,34736.238554888216,48477,-884.8344026390841,FALSE
1994,34312.54067476383,35246.40977823761,48477,-933.8691034737785,FALSE
1995,35832.75656167979,36084.289735079656,48477,-251.53317339986825,FALSE
1996,37137.48154238368,36733.597567461446,48477,403.8839749222316,FALSE
1997,38652.33439252336,38246.70265958866,48477,405.63173293470027,FALSE
1998,40083.94904907975,39687.075469160234,48477,396.87357991951285,FALSE
1999,40393.77924369748,40380.94810413051,48477,12.831139566966158,FALSE
2000,41265.47512195122,41028.885147281595,48477,236.5899746696232,FALSE
2001,55897.91501976284,41269.83709746856,48477,14628.07792229428,FALSE
2002,56538.47859922178,39701.65377792255,48477,16836.824821299233,FALSE
2003,55018.43622282609,39113.10959637396,48477,15905.32662645213,FALSE
2004,50981.2456855479,39792.63523836993,48477,11188.610447177976,FALSE
2005,49327.81286738351,40416.99840108058,48477,8910.81446630293,FALSE
2006,48421.79215277777,41270.69778182616,48477,7151.094370951614,FALSE
2007,48885.77328278882,41993.58217231596,48477,6892.191110472857,FALSE
2008,50692.83140968774,43039.15029630661,48477,7653.681113381128,FALSE
2009,49774.8260672984,42582.20465199809,48477,7192.621415300317,FALSE
2010,51674.131906482726,43393.97580889438,48477,8280.156097588348,FALSE
2011,53360.58996883599,43806.87006202686,48477,9553.719906809136,FALSE
2012,52849.09933621958,44989.022076332985,48477,7860.077259886595,FALSE
2013,53941.50200680812,45208.11041494208,48477,8733.391591866042,FALSE
2014,54665.64625996891,46301.967950850885,48477,8363.678309118026,FALSE
2015,52661.53101676251,47627.67812253355,48477,5033.852894228956,FALSE
2016,50638.13034203168,47666.432657922494,48477,2971.697684109189,FALSE
2017,52468.566510280674,48911.28368051731,48477,3557.2828297633678,FALSE
2018,55758.76534306092,49429.95576263393,48477,6328.809580426991,FALSE
2019,55630.946475160075,50903.41957259434,48477,4727.526902565733,FALSE
2020,58774,53088.41075997742,48477,5685.589240022578,FALSE
2021,66210.41934900542,55069.07259716544,48477,11141.346751839978,FALSE
2022,62414.2595752678,51755.28580251824,48477,10658.97377274956,FALSE
1990,28829.60481254782,28641.70458636737,48497,187.90022618044895,FALSE
1991,28016.95582966226,28106.03301997324,48497,-89.07719031098168,FALSE
1992,29160.97140413399,29485.074436316452,48497,-324.1030321824619,FALSE
1993,30265.662823529412,30228.652851160547,48497,37.00997236886542,FALSE
1994,30467.049298245613,30354.91903156825,48497,112.13026667736267,FALSE
1995,30527.470708661414,30581.936332477726,48497,-54.46562381631156,FALSE
1996,31571.97284894837,31182.68249825661,48497,389.290350691761,FALSE
1997,33164.896180685355,32965.11030807877,48497,199.78587260658242,FALSE
1998,34239.266282208584,34617.16029955727,48497,-377.89401734868443,FALSE
1999,35363.58705882353,34360.28456127798,48497,1003.3024975455482,FALSE
2000,35862.30703252032,34720.49926775882,48497,1141.8077647614991,FALSE
2001,37737.30351778656,35410.68870333439,48497,2326.614814452172,FALSE
2002,37559.96435797665,35094.253084928394,48497,2465.711273048255,FALSE
2003,37890.4930326087,34759.04030308495,48497,3131.4527295237494,FALSE
2004,37293.99375330862,34595.40840071347,48497,2698.585352595146,FALSE
2005,38970.072078853045,34993.0987578937,48497,3976.973320959347,FALSE
2006,40837.19201388888,35242.25100499127,48497,5594.941008897615,FALSE
2007,41818.281496271855,36637.37138916739,48497,5180.910107104464,FALSE
2008,45193.324551910555,37670.37475358485,48497,7522.949798325702,FALSE
2009,40039.42019325337,37257.98594237388,48497,2781.434250879487,FALSE
2010,42404.4309581025,37696.38870776507,48497,4708.042250337428,FALSE
2011,43899.345573688865,38279.05005157504,48497,5620.295522113825,FALSE
2012,44940.27778164934,39141.82963043722,48497,5798.44815121212,FALSE
2013,44563.704168580465,39405.53463373357,48497,5158.169534846893,FALSE
2014,47245.7766288186,40902.893109711455,48497,6342.8835191071485,FALSE
2015,45438.27376095385,41141.757516027064,48497,4296.516244926788,FALSE
2016,44254.31187007045,40691.32162572997,48497,3562.990244340479,FALSE
2017,45588.620051403384,41664.5726482006,48497,3924.047403202785,FALSE
2018,46400.18959646684,42347.34328256943,48497,4052.846313897404,FALSE
2019,47974.64293956355,44309.79448438867,48497,3664.848455174877,FALSE
2020,50512,46175.51492532204,48497,4336.485074677963,FALSE
2021,51793.719219839826,47975.69615335458,48497,3818.0230664852497,FALSE
2022,49809.543500025626,46055.358275250444,48497,3754.1852247751813,FALSE
